Number,Yield(kWh),Earning(EUR),Full Load Hours(h),Charged(kWh),Discharged(kWh),Exported(kWh),Imported(kWh),Net Import(kWh),Load(kWh),Month,Source_File
1,24.3,4.86,2.91,8.0,7.0,15.0,5.4,-9.6,13.7,2024-10-01,Monthly+Power+Station+Chart_19-11-2025 (1).xls
2,25.4,5.08,3.04,7.0,5.0,17.28,5.64,-11.64,11.76,2024-10-01,Monthly+Power+Station+Chart_19-11-2025 (1).xls
3,22.1,4.42,2.64,6.0,7.0,15.24,4.32,-10.92,12.18,2024-10-01,Monthly+Power+Station+Chart_19-11-2025 (1).xls
4,6.6,1.32,0.79,8.0,7.0,0.12,5.4,5.28,10.88,2024-10-01,Monthly+Power+Station+Chart_19-11-2025 (1).xls
5,8.3,1.66,0.99,7.0,7.0,0.0,5.64,5.64,13.94,2024-10-01,Monthly+Power+Station+Chart_19-11-2025 (1).xls
6,8.6,1.72,1.03,8.0,8.0,0.12,6.0,5.88,14.48,2024-10-01,Monthly+Power+Station+Chart_19-11-2025 (1).xls
7,18.0,3.6,2.15,6.0,5.0,11.76,7.32,-4.44,12.56,2024-10-01,Monthly+Power+Station+Chart_19-11-2025 (1).xls
8,20.4,4.08,2.44,8.0,7.0,11.88,6.24,-5.64,13.76,2024-10-01,Monthly+Power+Station+Chart_19-11-2025 (1).xls
9,8.0,1.6,0.96,8.0,8.0,1.92,5.76,3.84,11.84,2024-10-01,Monthly+Power+Station+Chart_19-11-2025 (1).xls
10,22.7,4.54,2.72,7.0,7.0,14.52,5.4,-9.12,13.58,2024-10-01,Monthly+Power+Station+Chart_19-11-2025 (1).xls
11,19.2,3.84,2.3,6.0,4.0,13.32,5.52,-7.8,9.4,2024-10-01,Monthly+Power+Station+Chart_19-11-2025 (1).xls
12,19.7,3.94,2.36,6.0,5.0,11.4,3.72,-7.68,11.02,2024-10-01,Monthly+Power+Station+Chart_19-11-2025 (1).xls
13,7.0,1.4,0.84,5.0,7.0,0.0,4.92,4.92,13.92,2024-10-01,Monthly+Power+Station+Chart_19-11-2025 (1).xls
14,20.2,4.04,2.42,9.0,6.0,9.12,5.76,-3.36,13.84,2024-10-01,Monthly+Power+Station+Chart_19-11-2025 (1).xls
15,7.5,1.5,0.9,6.0,8.0,0.84,3.36,2.52,12.02,2024-10-01,Monthly+Power+Station+Chart_19-11-2025 (1).xls
16,8.0,1.6,0.96,6.0,6.0,2.52,7.2,4.68,12.68,2024-10-01,Monthly+Power+Station+Chart_19-11-2025 (1).xls
17,16.1,3.22,1.93,7.0,4.0,8.04,5.88,-2.16,10.94,2024-10-01,Monthly+Power+Station+Chart_19-11-2025 (1).xls
18,3.5,0.7,0.42,6.0,7.0,0.0,6.48,6.48,10.98,2024-10-01,Monthly+Power+Station+Chart_19-11-2025 (1).xls
19,17.3,3.46,2.07,7.0,6.0,9.48,6.0,-3.48,12.82,2024-10-01,Monthly+Power+Station+Chart_19-11-2025 (1).xls
20,12.9,2.58,1.54,6.0,6.0,5.64,4.32,-1.32,11.58,2024-10-01,Monthly+Power+Station+Chart_19-11-2025 (1).xls
21,16.3,3.26,1.95,6.0,4.0,10.92,4.8,-6.12,8.18,2024-10-01,Monthly+Power+Station+Chart_19-11-2025 (1).xls
22,11.7,2.34,1.4,5.0,6.0,4.2,3.48,-0.72,11.98,2024-10-01,Monthly+Power+Station+Chart_19-11-2025 (1).xls
23,11.9,2.38,1.42,7.0,7.0,4.08,4.68,0.6,12.5,2024-10-01,Monthly+Power+Station+Chart_19-11-2025 (1).xls
24,8.0,1.6,0.96,8.0,8.0,0.24,4.08,3.84,11.84,2024-10-01,Monthly+Power+Station+Chart_19-11-2025 (1).xls
25,4.7,0.94,0.56,6.0,6.0,0.0,9.0,9.0,13.7,2024-10-01,Monthly+Power+Station+Chart_19-11-2025 (1).xls
26,8.0,1.6,0.96,8.0,7.0,2.16,5.88,3.72,10.72,2024-10-01,Monthly+Power+Station+Chart_19-11-2025 (1).xls
27,3.7,0.74,0.44,5.0,5.0,0.0,9.24,9.24,12.94,2024-10-01,Monthly+Power+Station+Chart_19-11-2025 (1).xls
28,8.1,1.62,0.97,7.0,5.0,2.4,5.64,3.24,9.34,2024-10-01,Monthly+Power+Station+Chart_19-11-2025 (1).xls
29,5.3,1.06,0.63,4.0,6.0,1.8,5.76,3.96,11.26,2024-10-01,Monthly+Power+Station+Chart_19-11-2025 (1).xls
30,7.9,1.58,0.94,8.0,7.0,2.88,6.84,3.96,10.86,2024-10-01,Monthly+Power+Station+Chart_19-11-2025 (1).xls
31,3.6,0.72,0.43,4.0,4.0,0.0,10.68,10.68,14.28,2024-10-01,Monthly+Power+Station+Chart_19-11-2025 (1).xls
1,25.0,5.0,2.99,1.0,1.0,22.8,1.2,-21.6,3.4,2025-07-01,Monthly+Power+Station+Chart_19-11-2025 (10).xls
2,45.7,9.14,5.47,2.0,1.0,43.2,1.08,-42.12,2.58,2025-07-01,Monthly+Power+Station+Chart_19-11-2025 (10).xls
3,37.3,7.46,4.46,1.0,1.0,35.04,0.96,-34.08,3.22,2025-07-01,Monthly+Power+Station+Chart_19-11-2025 (10).xls
4,18.5,3.7,2.21,1.0,1.0,16.56,0.96,-15.6,2.9,2025-07-01,Monthly+Power+Station+Chart_19-11-2025 (10).xls
5,35.2,7.04,4.21,2.0,2.0,31.32,1.08,-30.24,4.96,2025-07-01,Monthly+Power+Station+Chart_19-11-2025 (10).xls
6,25.9,5.18,3.1,3.0,6.0,19.56,2.76,-16.8,12.1,2025-07-01,Monthly+Power+Station+Chart_19-11-2025 (10).xls
7,44.7,8.94,5.35,6.0,2.0,32.76,5.64,-27.12,13.58,2025-07-01,Monthly+Power+Station+Chart_19-11-2025 (10).xls
8,22.4,4.48,2.68,4.0,5.0,11.16,1.44,-9.72,13.68,2025-07-01,Monthly+Power+Station+Chart_19-11-2025 (10).xls
9,46.7,9.34,5.59,4.0,4.0,38.16,3.12,-35.04,11.66,2025-07-01,Monthly+Power+Station+Chart_19-11-2025 (10).xls
10,47.9,9.58,5.73,3.0,2.0,39.0,2.64,-36.36,10.54,2025-07-01,Monthly+Power+Station+Chart_19-11-2025 (10).xls
11,53.1,10.62,6.35,3.0,3.0,43.56,3.12,-40.44,12.66,2025-07-01,Monthly+Power+Station+Chart_19-11-2025 (10).xls
12,51.6,10.32,6.17,3.0,3.0,44.16,3.12,-41.04,10.56,2025-07-01,Monthly+Power+Station+Chart_19-11-2025 (10).xls
13,48.4,9.68,5.79,2.0,4.0,41.52,2.04,-39.48,10.92,2025-07-01,Monthly+Power+Station+Chart_19-11-2025 (10).xls
14,40.9,8.18,4.89,7.0,5.0,33.36,5.52,-27.84,11.06,2025-07-01,Monthly+Power+Station+Chart_19-11-2025 (10).xls
15,34.0,6.8,4.07,3.0,3.0,25.8,3.12,-22.68,11.32,2025-07-01,Monthly+Power+Station+Chart_19-11-2025 (10).xls
16,34.9,6.98,4.17,4.0,3.0,27.12,2.88,-24.24,9.66,2025-07-01,Monthly+Power+Station+Chart_19-11-2025 (10).xls
17,22.4,4.48,2.68,3.0,5.0,13.32,1.8,-11.52,12.88,2025-07-01,Monthly+Power+Station+Chart_19-11-2025 (10).xls
18,23.4,4.68,2.8,5.0,4.0,15.84,4.08,-11.76,10.64,2025-07-01,Monthly+Power+Station+Chart_19-11-2025 (10).xls
19,37.9,7.58,4.53,5.0,3.0,29.4,3.72,-25.68,10.22,2025-07-01,Monthly+Power+Station+Chart_19-11-2025 (10).xls
20,21.8,4.36,2.61,5.0,6.0,11.04,2.28,-8.76,14.04,2025-07-01,Monthly+Power+Station+Chart_19-11-2025 (10).xls
21,10.1,2.02,1.21,5.0,5.0,2.76,3.48,0.72,10.82,2025-07-01,Monthly+Power+Station+Chart_19-11-2025 (10).xls
22,20.4,4.08,2.44,5.0,6.0,12.96,3.84,-9.12,12.28,2025-07-01,Monthly+Power+Station+Chart_19-11-2025 (10).xls
23,18.7,3.74,2.24,7.0,4.0,11.64,5.28,-6.36,9.34,2025-07-01,Monthly+Power+Station+Chart_19-11-2025 (10).xls
24,27.4,5.48,3.28,3.0,2.0,19.08,2.16,-16.92,9.48,2025-07-01,Monthly+Power+Station+Chart_19-11-2025 (10).xls
25,25.7,5.14,3.07,3.0,4.0,16.8,2.04,-14.76,11.94,2025-07-01,Monthly+Power+Station+Chart_19-11-2025 (10).xls
26,25.3,5.06,3.03,4.0,5.0,20.04,2.64,-17.4,8.9,2025-07-01,Monthly+Power+Station+Chart_19-11-2025 (10).xls
27,19.7,3.94,2.36,5.0,4.0,10.92,3.72,-7.2,11.5,2025-07-01,Monthly+Power+Station+Chart_19-11-2025 (10).xls
28,36.4,7.28,4.35,4.0,3.0,29.16,3.0,-26.16,9.24,2025-07-01,Monthly+Power+Station+Chart_19-11-2025 (10).xls
29,27.2,5.44,3.25,3.0,4.0,17.16,1.68,-15.48,12.72,2025-07-01,Monthly+Power+Station+Chart_19-11-2025 (10).xls
30,24.7,4.94,2.95,4.0,6.0,16.32,3.36,-12.96,13.74,2025-07-01,Monthly+Power+Station+Chart_19-11-2025 (10).xls
31,28.4,5.68,3.4,6.0,5.0,21.0,6.12,-14.88,12.52,2025-07-01,Monthly+Power+Station+Chart_19-11-2025 (10).xls
1,20.5,4.1,2.45,7.0,5.0,10.68,5.16,-5.52,12.98,2025-08-01,Monthly+Power+Station+Chart_19-11-2025 (11).xls
2,25.7,5.14,3.07,5.0,6.0,20.52,4.8,-15.72,10.98,2025-08-01,Monthly+Power+Station+Chart_19-11-2025 (11).xls
3,28.8,5.76,3.44,5.0,3.0,24.72,4.56,-20.16,6.64,2025-08-01,Monthly+Power+Station+Chart_19-11-2025 (11).xls
4,43.0,8.6,5.14,4.0,3.0,34.2,3.48,-30.72,11.28,2025-08-01,Monthly+Power+Station+Chart_19-11-2025 (11).xls
5,36.4,7.28,4.35,3.0,3.0,27.12,1.8,-25.32,11.08,2025-08-01,Monthly+Power+Station+Chart_19-11-2025 (11).xls
6,25.1,5.02,3.0,3.0,3.0,15.12,2.16,-12.96,12.14,2025-08-01,Monthly+Power+Station+Chart_19-11-2025 (11).xls
7,31.7,6.34,3.79,4.0,4.0,23.88,2.88,-21.0,10.7,2025-08-01,Monthly+Power+Station+Chart_19-11-2025 (11).xls
8,34.4,6.88,4.11,4.0,3.0,26.52,3.36,-23.16,10.24,2025-08-01,Monthly+Power+Station+Chart_19-11-2025 (11).xls
9,33.9,6.78,4.06,4.0,6.0,23.88,2.64,-21.24,14.66,2025-08-01,Monthly+Power+Station+Chart_19-11-2025 (11).xls
10,25.3,5.06,3.03,5.0,4.0,19.44,4.68,-14.76,9.54,2025-08-01,Monthly+Power+Station+Chart_19-11-2025 (11).xls
11,27.3,5.46,3.27,4.0,3.0,20.88,3.96,-16.92,9.38,2025-08-01,Monthly+Power+Station+Chart_19-11-2025 (11).xls
12,38.7,7.74,4.63,4.0,4.0,30.24,3.12,-27.12,11.58,2025-08-01,Monthly+Power+Station+Chart_19-11-2025 (11).xls
13,35.1,7.02,4.2,4.0,4.0,25.44,3.24,-22.2,12.9,2025-08-01,Monthly+Power+Station+Chart_19-11-2025 (11).xls
14,27.5,5.5,3.29,5.0,5.0,19.32,3.6,-15.72,11.78,2025-08-01,Monthly+Power+Station+Chart_19-11-2025 (11).xls
15,39.6,7.92,4.74,4.0,3.0,31.32,3.72,-27.6,11.0,2025-08-01,Monthly+Power+Station+Chart_19-11-2025 (11).xls
16,27.6,5.52,3.3,3.0,3.0,22.56,1.92,-20.64,6.96,2025-08-01,Monthly+Power+Station+Chart_19-11-2025 (11).xls
17,38.8,7.76,4.64,5.0,5.0,26.76,3.36,-23.4,15.4,2025-08-01,Monthly+Power+Station+Chart_19-11-2025 (11).xls
18,27.6,5.52,3.3,3.0,4.0,21.36,3.0,-18.36,10.24,2025-08-01,Monthly+Power+Station+Chart_19-11-2025 (11).xls
19,13.7,2.74,1.64,6.0,5.0,4.92,3.6,-1.32,11.38,2025-08-01,Monthly+Power+Station+Chart_19-11-2025 (11).xls
20,23.6,4.72,2.82,4.0,4.0,14.64,3.24,-11.4,12.2,2025-08-01,Monthly+Power+Station+Chart_19-11-2025 (11).xls
21,25.4,5.08,3.04,5.0,5.0,18.6,4.08,-14.52,10.88,2025-08-01,Monthly+Power+Station+Chart_19-11-2025 (11).xls
22,21.9,4.38,2.62,6.0,6.0,12.36,3.72,-8.64,13.26,2025-08-01,Monthly+Power+Station+Chart_19-11-2025 (11).xls
23,13.9,2.78,1.66,7.0,8.0,4.44,5.52,1.08,15.98,2025-08-01,Monthly+Power+Station+Chart_19-11-2025 (11).xls
24,33.6,6.72,4.02,7.0,5.0,21.36,5.76,-15.6,16.0,2025-08-01,Monthly+Power+Station+Chart_19-11-2025 (11).xls
25,29.8,5.96,3.56,4.0,5.0,22.2,3.84,-18.36,12.44,2025-08-01,Monthly+Power+Station+Chart_19-11-2025 (11).xls
26,32.0,6.4,3.83,6.0,3.0,21.48,4.92,-16.56,12.44,2025-08-01,Monthly+Power+Station+Chart_19-11-2025 (11).xls
27,28.2,5.64,3.37,4.0,5.0,21.48,2.76,-18.72,10.48,2025-08-01,Monthly+Power+Station+Chart_19-11-2025 (11).xls
28,15.2,3.04,1.82,5.0,5.0,9.12,4.44,-4.68,10.52,2025-08-01,Monthly+Power+Station+Chart_19-11-2025 (11).xls
29,27.2,5.44,3.25,6.0,4.0,18.72,4.44,-14.28,10.92,2025-08-01,Monthly+Power+Station+Chart_19-11-2025 (11).xls
30,16.2,3.24,1.94,4.0,4.0,9.36,2.52,-6.84,9.36,2025-08-01,Monthly+Power+Station+Chart_19-11-2025 (11).xls
31,28.9,5.78,3.46,4.0,2.0,21.96,3.12,-18.84,8.06,2025-08-01,Monthly+Power+Station+Chart_19-11-2025 (11).xls
1,23.6,4.72,2.82,3.0,4.0,15.84,1.8,-14.04,10.56,2025-09-01,Monthly+Power+Station+Chart_19-11-2025 (12).xls
2,18.8,3.76,2.25,3.0,3.0,13.2,2.64,-10.56,8.24,2025-09-01,Monthly+Power+Station+Chart_19-11-2025 (12).xls
3,21.6,4.32,2.58,5.0,6.0,13.2,3.0,-10.2,12.4,2025-09-01,Monthly+Power+Station+Chart_19-11-2025 (12).xls
4,27.5,5.5,3.29,6.0,6.0,19.32,4.44,-14.88,12.62,2025-09-01,Monthly+Power+Station+Chart_19-11-2025 (12).xls
5,19.6,3.92,2.34,6.0,5.0,13.32,5.4,-7.92,10.68,2025-09-01,Monthly+Power+Station+Chart_19-11-2025 (12).xls
6,9.3,1.86,1.11,6.0,5.0,2.88,3.6,0.72,9.02,2025-09-01,Monthly+Power+Station+Chart_19-11-2025 (12).xls
7,14.3,2.86,1.71,5.0,5.0,7.2,3.24,-3.96,10.34,2025-09-01,Monthly+Power+Station+Chart_19-11-2025 (12).xls
8,26.4,5.28,3.16,5.0,6.0,18.84,4.44,-14.4,13.0,2025-09-01,Monthly+Power+Station+Chart_19-11-2025 (12).xls
9,16.9,3.38,2.02,6.0,4.0,9.6,4.56,-5.04,9.86,2025-09-01,Monthly+Power+Station+Chart_19-11-2025 (12).xls
10,16.2,3.24,1.94,6.0,4.0,10.32,3.72,-6.6,7.6,2025-09-01,Monthly+Power+Station+Chart_19-11-2025 (12).xls
11,25.1,5.02,3.0,3.0,4.0,16.92,1.92,-15.0,11.1,2025-09-01,Monthly+Power+Station+Chart_19-11-2025 (12).xls
12,28.1,5.62,3.36,3.0,4.0,20.88,2.28,-18.6,10.5,2025-09-01,Monthly+Power+Station+Chart_19-11-2025 (12).xls
13,23.0,4.6,2.75,5.0,5.0,15.36,4.68,-10.68,12.32,2025-09-01,Monthly+Power+Station+Chart_19-11-2025 (12).xls
14,12.9,2.58,1.54,9.0,7.0,3.48,6.6,3.12,14.02,2025-09-01,Monthly+Power+Station+Chart_19-11-2025 (12).xls
15,14.7,2.94,1.76,5.0,5.0,7.92,2.64,-5.28,9.42,2025-09-01,Monthly+Power+Station+Chart_19-11-2025 (12).xls
16,21.6,4.32,2.58,4.0,5.0,13.44,3.12,-10.32,12.28,2025-09-01,Monthly+Power+Station+Chart_19-11-2025 (12).xls
17,25.1,5.02,3.0,6.0,5.0,18.6,4.44,-14.16,9.94,2025-09-01,Monthly+Power+Station+Chart_19-11-2025 (12).xls
18,10.2,2.04,1.22,5.0,6.0,5.16,4.32,-0.84,10.36,2025-09-01,Monthly+Power+Station+Chart_19-11-2025 (12).xls
19,9.7,1.94,1.16,6.0,6.0,3.12,4.92,1.8,11.5,2025-09-01,Monthly+Power+Station+Chart_19-11-2025 (12).xls
20,9.5,1.9,1.14,6.0,6.0,3.6,4.8,1.2,10.7,2025-09-01,Monthly+Power+Station+Chart_19-11-2025 (12).xls
21,25.9,5.18,3.1,7.0,4.0,16.2,5.4,-10.8,12.1,2025-09-01,Monthly+Power+Station+Chart_19-11-2025 (12).xls
22,24.0,4.8,2.87,4.0,4.0,18.36,3.48,-14.88,9.12,2025-09-01,Monthly+Power+Station+Chart_19-11-2025 (12).xls
23,27.7,5.54,3.31,4.0,4.0,20.76,2.16,-18.6,9.1,2025-09-01,Monthly+Power+Station+Chart_19-11-2025 (12).xls
24,18.3,3.66,2.19,4.0,5.0,12.72,3.48,-9.24,10.06,2025-09-01,Monthly+Power+Station+Chart_19-11-2025 (12).xls
25,26.0,5.2,3.11,6.0,4.0,17.88,4.68,-13.2,10.8,2025-09-01,Monthly+Power+Station+Chart_19-11-2025 (12).xls
26,23.6,4.72,2.82,4.0,5.0,15.84,2.28,-13.56,11.04,2025-09-01,Monthly+Power+Station+Chart_19-11-2025 (12).xls
27,11.1,2.22,1.33,6.0,6.0,3.6,3.72,0.12,11.22,2025-09-01,Monthly+Power+Station+Chart_19-11-2025 (12).xls
28,17.6,3.52,2.11,8.0,6.0,8.16,3.96,-4.2,11.4,2025-09-01,Monthly+Power+Station+Chart_19-11-2025 (12).xls
29,14.7,2.94,1.76,4.0,4.0,9.0,3.36,-5.64,9.06,2025-09-01,Monthly+Power+Station+Chart_19-11-2025 (12).xls
30,7.7,1.54,0.92,7.0,7.0,0.36,3.84,3.48,11.18,2025-09-01,Monthly+Power+Station+Chart_19-11-2025 (12).xls
1,11.6,2.32,1.39,5.0,5.0,6.0,4.2,-1.8,9.8,2025-10-01,Monthly+Power+Station+Chart_19-11-2025 (13).xls
2,6.0,1.2,0.72,5.0,6.0,0.0,6.6,6.6,13.6,2025-10-01,Monthly+Power+Station+Chart_19-11-2025 (13).xls
3,6.6,1.32,0.79,8.0,5.0,0.12,5.76,5.64,9.24,2025-10-01,Monthly+Power+Station+Chart_19-11-2025 (13).xls
4,18.3,3.66,2.19,6.0,8.0,6.84,2.04,-4.8,15.5,2025-10-01,Monthly+Power+Station+Chart_19-11-2025 (13).xls
5,11.5,2.3,1.38,7.0,7.0,2.88,6.36,3.48,14.98,2025-10-01,Monthly+Power+Station+Chart_19-11-2025 (13).xls
6,14.7,2.94,1.76,6.0,6.0,9.96,7.2,-2.76,11.94,2025-10-01,Monthly+Power+Station+Chart_19-11-2025 (13).xls
7,9.7,1.94,1.16,7.0,6.0,4.92,6.0,1.08,9.78,2025-10-01,Monthly+Power+Station+Chart_19-11-2025 (13).xls
8,17.0,3.4,2.03,6.0,5.0,12.12,5.52,-6.6,9.4,2025-10-01,Monthly+Power+Station+Chart_19-11-2025 (13).xls
9,10.0,2.0,1.2,8.0,7.0,2.28,4.92,2.64,11.64,2025-10-01,Monthly+Power+Station+Chart_19-11-2025 (13).xls
10,6.7,1.34,0.8,5.0,6.0,0.0,5.52,5.52,13.22,2025-10-01,Monthly+Power+Station+Chart_19-11-2025 (13).xls
11,6.7,1.34,0.8,6.0,6.0,0.0,9.48,9.48,16.18,2025-10-01,Monthly+Power+Station+Chart_19-11-2025 (13).xls
12,6.6,1.32,0.79,8.0,6.0,0.24,6.12,5.88,10.48,2025-10-01,Monthly+Power+Station+Chart_19-11-2025 (13).xls
13,7.0,1.4,0.84,6.0,6.0,0.0,4.56,4.56,11.56,2025-10-01,Monthly+Power+Station+Chart_19-11-2025 (13).xls
14,5.1,1.02,0.61,6.0,6.0,0.0,7.2,7.2,12.3,2025-10-01,Monthly+Power+Station+Chart_19-11-2025 (13).xls
15,3.8,0.76,0.45,5.0,6.0,0.0,10.2,10.2,15.0,2025-10-01,Monthly+Power+Station+Chart_19-11-2025 (13).xls
16,3.4,0.68,0.41,6.0,5.0,0.0,7.32,7.32,9.72,2025-10-01,Monthly+Power+Station+Chart_19-11-2025 (13).xls
17,12.9,2.58,1.54,8.0,7.0,6.12,6.48,0.36,12.26,2025-10-01,Monthly+Power+Station+Chart_19-11-2025 (13).xls
18,4.2,0.84,0.5,7.0,7.0,0.0,5.52,5.52,9.72,2025-10-01,Monthly+Power+Station+Chart_19-11-2025 (13).xls
19,7.0,1.4,0.84,8.0,7.0,0.0,5.88,5.88,11.88,2025-10-01,Monthly+Power+Station+Chart_19-11-2025 (13).xls
20,10.4,2.08,1.24,8.0,6.0,3.48,5.4,1.92,10.32,2025-10-01,Monthly+Power+Station+Chart_19-11-2025 (13).xls
21,12.2,2.44,1.46,6.0,8.0,6.0,5.16,-0.84,13.36,2025-10-01,Monthly+Power+Station+Chart_19-11-2025 (13).xls
22,15.7,3.14,1.88,9.0,7.0,8.76,5.64,-3.12,10.58,2025-10-01,Monthly+Power+Station+Chart_19-11-2025 (13).xls
23,12.1,2.42,1.45,7.0,7.0,4.68,5.64,0.96,13.06,2025-10-01,Monthly+Power+Station+Chart_19-11-2025 (13).xls
24,12.6,2.52,1.51,6.0,6.0,7.56,5.16,-2.4,10.2,2025-10-01,Monthly+Power+Station+Chart_19-11-2025 (13).xls
25,11.9,2.38,1.42,8.0,8.0,5.04,5.76,0.72,12.62,2025-10-01,Monthly+Power+Station+Chart_19-11-2025 (13).xls
26,4.6,0.92,0.55,5.0,5.0,0.0,7.92,7.92,12.52,2025-10-01,Monthly+Power+Station+Chart_19-11-2025 (13).xls
27,5.7,1.14,0.68,7.0,6.0,0.6,8.4,7.8,12.5,2025-10-01,Monthly+Power+Station+Chart_19-11-2025 (13).xls
28,12.2,2.44,1.46,6.0,6.0,6.6,5.88,-0.72,11.48,2025-10-01,Monthly+Power+Station+Chart_19-11-2025 (13).xls
29,15.4,3.08,1.84,6.0,6.0,10.2,8.52,-1.68,13.72,2025-10-01,Monthly+Power+Station+Chart_19-11-2025 (13).xls
30,1.8,0.36,0.22,5.0,4.0,0.0,10.92,10.92,11.72,2025-10-01,Monthly+Power+Station+Chart_19-11-2025 (13).xls
31,9.5,1.9,1.14,7.0,6.0,3.12,6.24,3.12,11.62,2025-10-01,Monthly+Power+Station+Chart_19-11-2025 (13).xls
1,11.5,2.3,1.38,6.0,6.0,7.2,6.72,-0.48,11.02,2025-11-01,Monthly+Power+Station+Chart_19-11-2025 (14).xls
2,13.3,2.66,1.59,6.0,5.0,6.72,6.84,0.12,12.42,2025-11-01,Monthly+Power+Station+Chart_19-11-2025 (14).xls
3,4.6,0.92,0.55,6.0,7.0,0.0,6.24,6.24,11.84,2025-11-01,Monthly+Power+Station+Chart_19-11-2025 (14).xls
4,3.2,0.64,0.38,5.0,5.0,0.0,10.68,10.68,13.88,2025-11-01,Monthly+Power+Station+Chart_19-11-2025 (14).xls
5,5.4,1.08,0.65,7.0,5.0,2.04,6.48,4.44,7.84,2025-11-01,Monthly+Power+Station+Chart_19-11-2025 (14).xls
6,10.2,2.04,1.22,6.0,6.0,5.4,7.44,2.04,12.24,2025-11-01,Monthly+Power+Station+Chart_19-11-2025 (14).xls
7,3.0,0.6,0.36,6.0,6.0,0.0,8.64,8.64,11.64,2025-11-01,Monthly+Power+Station+Chart_19-11-2025 (14).xls
8,10.4,2.08,1.24,6.0,6.0,6.12,10.44,4.32,14.72,2025-11-01,Monthly+Power+Station+Chart_19-11-2025 (14).xls
9,9.2,1.84,1.1,7.0,6.0,4.08,6.6,2.52,10.72,2025-11-01,Monthly+Power+Station+Chart_19-11-2025 (14).xls
10,9.3,1.86,1.11,8.0,6.0,1.68,5.4,3.72,11.02,2025-11-01,Monthly+Power+Station+Chart_19-11-2025 (14).xls
11,2.7,0.54,0.32,4.0,5.0,0.0,7.56,7.56,11.26,2025-11-01,Monthly+Power+Station+Chart_19-11-2025 (14).xls
12,4.2,0.84,0.5,5.0,5.0,0.0,9.84,9.84,14.04,2025-11-01,Monthly+Power+Station+Chart_19-11-2025 (14).xls
13,5.0,1.0,0.6,6.0,6.0,0.0,7.2,7.2,12.2,2025-11-01,Monthly+Power+Station+Chart_19-11-2025 (14).xls
14,0.1,0.02,0.01,5.0,0.0,0.0,5.64,5.64,0.74,2025-11-01,Monthly+Power+Station+Chart_19-11-2025 (14).xls
15,0.0,0.0,0.0,0.0,1.0,0.0,0.0,0.0,1.0,2025-11-01,Monthly+Power+Station+Chart_19-11-2025 (14).xls
16,0.0,0.0,0.0,0.0,0.0,0.0,0.0,0.0,0.0,2025-11-01,Monthly+Power+Station+Chart_19-11-2025 (14).xls
17,0.1,0.02,0.01,0.0,3.0,0.0,0.96,0.96,4.06,2025-11-01,Monthly+Power+Station+Chart_19-11-2025 (14).xls
18,8.4,1.68,1.0,4.0,3.0,2.52,4.8,2.28,9.68,2025-11-01,Monthly+Power+Station+Chart_19-11-2025 (14).xls
1,2.7,0.54,0.32,6.0,5.0,0.0,6.96,6.96,8.66,2024-11-01,Monthly+Power+Station+Chart_19-11-2025 (2).xls
2,2.8,0.56,0.33,5.0,5.0,0.0,10.44,10.44,13.24,2024-11-01,Monthly+Power+Station+Chart_19-11-2025 (2).xls
3,1.9,0.38,0.23,5.0,4.0,0.0,11.04,11.04,11.94,2024-11-01,Monthly+Power+Station+Chart_19-11-2025 (2).xls
4,4.3,0.86,0.51,5.0,5.0,0.0,6.84,6.84,11.14,2024-11-01,Monthly+Power+Station+Chart_19-11-2025 (2).xls
5,1.9,0.38,0.23,5.0,5.0,0.0,9.96,9.96,11.86,2024-11-01,Monthly+Power+Station+Chart_19-11-2025 (2).xls
6,5.4,1.08,0.65,7.0,6.0,0.0,7.08,7.08,11.48,2024-11-01,Monthly+Power+Station+Chart_19-11-2025 (2).xls
7,4.9,0.98,0.59,7.0,6.0,0.36,5.64,5.28,9.18,2024-11-01,Monthly+Power+Station+Chart_19-11-2025 (2).xls
8,2.1,0.42,0.25,4.0,5.0,0.0,7.8,7.8,10.9,2024-11-01,Monthly+Power+Station+Chart_19-11-2025 (2).xls
9,2.3,0.46,0.28,6.0,5.0,0.0,9.36,9.36,10.66,2024-11-01,Monthly+Power+Station+Chart_19-11-2025 (2).xls
10,7.4,1.48,0.89,6.0,6.0,1.44,6.48,5.04,12.44,2024-11-01,Monthly+Power+Station+Chart_19-11-2025 (2).xls
11,9.5,1.9,1.14,7.0,6.0,5.76,6.12,0.36,8.86,2024-11-01,Monthly+Power+Station+Chart_19-11-2025 (2).xls
12,10.8,2.16,1.29,6.0,5.0,6.12,5.16,-0.96,8.84,2024-11-01,Monthly+Power+Station+Chart_19-11-2025 (2).xls
13,7.4,1.48,0.89,6.0,7.0,2.52,5.52,3.0,11.4,2024-11-01,Monthly+Power+Station+Chart_19-11-2025 (2).xls
14,3.0,0.6,0.36,5.0,5.0,0.0,6.96,6.96,9.96,2024-11-01,Monthly+Power+Station+Chart_19-11-2025 (2).xls
15,5.1,1.02,0.61,7.0,6.0,1.56,6.6,5.04,9.14,2024-11-01,Monthly+Power+Station+Chart_19-11-2025 (2).xls
16,5.3,1.06,0.63,7.0,7.0,0.0,10.32,10.32,15.62,2024-11-01,Monthly+Power+Station+Chart_19-11-2025 (2).xls
17,4.7,0.94,0.56,6.0,6.0,0.0,8.28,8.28,12.98,2024-11-01,Monthly+Power+Station+Chart_19-11-2025 (2).xls
18,1.5,0.3,0.18,5.0,4.0,0.0,9.12,9.12,9.62,2024-11-01,Monthly+Power+Station+Chart_19-11-2025 (2).xls
19,4.9,0.98,0.59,2.0,1.0,0.36,9.48,9.12,13.02,2024-11-01,Monthly+Power+Station+Chart_19-11-2025 (2).xls
20,9.2,1.84,1.1,3.0,4.0,3.6,6.96,3.36,13.56,2024-11-01,Monthly+Power+Station+Chart_19-11-2025 (2).xls
21,9.5,1.9,1.14,4.0,4.0,3.96,3.48,-0.48,9.02,2024-11-01,Monthly+Power+Station+Chart_19-11-2025 (2).xls
22,9.0,1.8,1.08,4.0,3.0,3.24,5.16,1.92,9.92,2024-11-01,Monthly+Power+Station+Chart_19-11-2025 (2).xls
23,3.5,0.7,0.42,2.0,1.0,0.24,10.68,10.44,12.94,2024-11-01,Monthly+Power+Station+Chart_19-11-2025 (2).xls
24,7.9,1.58,0.94,8.0,8.0,0.0,6.12,6.12,14.02,2024-11-01,Monthly+Power+Station+Chart_19-11-2025 (2).xls
25,10.2,2.04,1.22,7.0,7.0,2.88,6.12,3.24,13.44,2024-11-01,Monthly+Power+Station+Chart_19-11-2025 (2).xls
26,11.0,2.2,1.32,7.0,6.0,3.48,5.88,2.4,12.4,2024-11-01,Monthly+Power+Station+Chart_19-11-2025 (2).xls
27,10.6,2.12,1.27,4.0,4.0,5.64,7.56,1.92,12.52,2024-11-01,Monthly+Power+Station+Chart_19-11-2025 (2).xls
28,2.1,0.42,0.25,1.0,1.0,-0.76,10.12,10.88,12.98,2024-11-01,Monthly+Power+Station+Chart_19-11-2025 (2).xls
29,1.0,0.2,0.12,2.0,2.0,0.76,9.68,8.92,9.92,2024-11-01,Monthly+Power+Station+Chart_19-11-2025 (2).xls
30,3.8,0.76,0.45,6.0,5.0,0.0,5.64,5.64,8.44,2024-11-01,Monthly+Power+Station+Chart_19-11-2025 (2).xls
1,5.5,1.1,0.66,7.0,7.0,0.0,6.72,6.72,12.22,2024-12-01,Monthly+Power+Station+Chart_19-11-2025 (3).xls
2,10.0,2.0,1.2,7.0,6.0,2.88,7.2,4.32,13.32,2024-12-01,Monthly+Power+Station+Chart_19-11-2025 (3).xls
3,6.8,1.36,0.81,3.0,3.0,2.4,6.12,3.72,10.52,2024-12-01,Monthly+Power+Station+Chart_19-11-2025 (3).xls
4,1.7,0.34,0.2,1.0,1.0,0.0,11.04,11.04,12.74,2024-12-01,Monthly+Power+Station+Chart_19-11-2025 (3).xls
5,1.5,0.3,0.18,5.0,5.0,0.0,10.56,10.56,12.06,2024-12-01,Monthly+Power+Station+Chart_19-11-2025 (3).xls
6,0.9,0.18,0.11,1.0,1.0,0.0,9.24,9.24,10.14,2024-12-01,Monthly+Power+Station+Chart_19-11-2025 (3).xls
7,7.2,1.44,0.86,4.0,4.0,2.04,4.08,2.04,9.24,2024-12-01,Monthly+Power+Station+Chart_19-11-2025 (3).xls
8,8.8,1.76,1.05,3.0,2.0,2.4,5.52,3.12,10.92,2024-12-01,Monthly+Power+Station+Chart_19-11-2025 (3).xls
9,2.8,0.56,0.33,2.0,2.0,0.12,7.44,7.32,10.12,2024-12-01,Monthly+Power+Station+Chart_19-11-2025 (3).xls
10,2.9,0.58,0.35,1.0,1.0,0.0,8.64,8.64,11.54,2024-12-01,Monthly+Power+Station+Chart_19-11-2025 (3).xls
11,1.7,0.34,0.2,1.0,2.0,0.0,7.08,7.08,9.78,2024-12-01,Monthly+Power+Station+Chart_19-11-2025 (3).xls
12,2.1,0.42,0.25,2.0,1.0,0.0,9.36,9.36,10.46,2024-12-01,Monthly+Power+Station+Chart_19-11-2025 (3).xls
13,2.4,0.48,0.29,1.0,1.0,0.0,7.68,7.68,10.08,2024-12-01,Monthly+Power+Station+Chart_19-11-2025 (3).xls
14,3.1,0.62,0.37,2.0,2.0,0.12,11.04,10.92,14.02,2024-12-01,Monthly+Power+Station+Chart_19-11-2025 (3).xls
15,2.2,0.44,0.26,2.0,1.0,0.0,10.08,10.08,11.28,2024-12-01,Monthly+Power+Station+Chart_19-11-2025 (3).xls
16,2.8,0.56,0.33,5.0,5.0,0.0,8.52,8.52,11.32,2024-12-01,Monthly+Power+Station+Chart_19-11-2025 (3).xls
17,1.2,0.24,0.14,4.0,4.0,0.0,10.32,10.32,11.52,2024-12-01,Monthly+Power+Station+Chart_19-11-2025 (3).xls
18,1.9,0.38,0.23,5.0,5.0,0.0,6.72,6.72,8.62,2024-12-01,Monthly+Power+Station+Chart_19-11-2025 (3).xls
19,8.6,1.72,1.03,7.0,6.0,2.76,5.28,2.52,10.12,2024-12-01,Monthly+Power+Station+Chart_19-11-2025 (3).xls
20,4.2,0.84,0.5,6.0,5.0,0.0,7.32,7.32,10.52,2024-12-01,Monthly+Power+Station+Chart_19-11-2025 (3).xls
21,4.8,0.96,0.57,7.0,7.0,0.0,7.56,7.56,12.36,2024-12-01,Monthly+Power+Station+Chart_19-11-2025 (3).xls
22,6.7,1.34,0.8,7.0,6.0,0.96,5.88,4.92,10.62,2024-12-01,Monthly+Power+Station+Chart_19-11-2025 (3).xls
23,1.7,0.34,0.2,2.0,2.0,0.0,6.96,6.96,8.66,2024-12-01,Monthly+Power+Station+Chart_19-11-2025 (3).xls
24,1.5,0.3,0.18,4.0,5.0,0.0,13.2,13.2,15.7,2024-12-01,Monthly+Power+Station+Chart_19-11-2025 (3).xls
25,2.8,0.56,0.33,7.0,4.0,0.0,7.32,7.32,7.12,2024-12-01,Monthly+Power+Station+Chart_19-11-2025 (3).xls
26,1.9,0.38,0.23,3.0,5.0,0.0,7.68,7.68,11.58,2024-12-01,Monthly+Power+Station+Chart_19-11-2025 (3).xls
27,1.9,0.38,0.23,5.0,5.0,0.0,9.36,9.36,11.26,2024-12-01,Monthly+Power+Station+Chart_19-11-2025 (3).xls
28,6.4,1.28,0.77,7.0,6.0,0.48,7.92,7.44,12.84,2024-12-01,Monthly+Power+Station+Chart_19-11-2025 (3).xls
29,2.9,0.58,0.35,5.0,5.0,0.0,10.08,10.08,12.98,2024-12-01,Monthly+Power+Station+Chart_19-11-2025 (3).xls
30,4.7,0.94,0.56,7.0,6.0,0.0,6.12,6.12,9.82,2024-12-01,Monthly+Power+Station+Chart_19-11-2025 (3).xls
31,1.1,0.22,0.13,5.0,4.0,0.0,8.76,8.76,8.86,2024-12-01,Monthly+Power+Station+Chart_19-11-2025 (3).xls
1,8.9,1.78,1.06,6.0,6.0,4.92,8.52,3.6,12.5,2025-01-01,Monthly+Power+Station+Chart_19-11-2025 (4).xls
2,9.4,1.88,1.12,6.0,4.0,5.76,5.64,-0.12,7.28,2025-01-01,Monthly+Power+Station+Chart_19-11-2025 (4).xls
3,9.5,1.9,1.14,2.0,3.0,5.04,6.12,1.08,11.58,2025-01-01,Monthly+Power+Station+Chart_19-11-2025 (4).xls
4,2.6,0.52,0.31,1.0,1.0,0.0,8.4,8.4,11.0,2025-01-01,Monthly+Power+Station+Chart_19-11-2025 (4).xls
5,1.0,0.2,0.12,1.0,1.0,0.0,10.08,10.08,11.08,2025-01-01,Monthly+Power+Station+Chart_19-11-2025 (4).xls
6,7.0,1.4,0.84,3.0,2.0,1.68,9.96,8.28,14.28,2025-01-01,Monthly+Power+Station+Chart_19-11-2025 (4).xls
7,9.4,1.88,1.12,2.0,2.0,4.32,7.08,2.76,12.16,2025-01-01,Monthly+Power+Station+Chart_19-11-2025 (4).xls
8,3.1,0.62,0.37,1.0,2.0,0.12,7.2,7.08,11.18,2025-01-01,Monthly+Power+Station+Chart_19-11-2025 (4).xls
9,10.0,2.0,1.2,3.0,1.0,4.8,7.56,2.76,10.76,2025-01-01,Monthly+Power+Station+Chart_19-11-2025 (4).xls
10,7.1,1.42,0.85,1.0,2.0,2.88,7.68,4.8,12.9,2025-01-01,Monthly+Power+Station+Chart_19-11-2025 (4).xls
11,1.8,0.36,0.22,2.0,2.0,0.0,8.28,8.28,10.08,2025-01-01,Monthly+Power+Station+Chart_19-11-2025 (4).xls
12,5.2,1.04,0.62,5.0,5.0,0.0,9.12,9.12,14.32,2025-01-01,Monthly+Power+Station+Chart_19-11-2025 (4).xls
13,2.0,0.4,0.24,5.0,4.0,0.0,9.24,9.24,10.24,2025-01-01,Monthly+Power+Station+Chart_19-11-2025 (4).xls
14,2.2,0.44,0.26,5.0,5.0,0.0,11.88,11.88,14.08,2025-01-01,Monthly+Power+Station+Chart_19-11-2025 (4).xls
15,11.3,2.26,1.35,6.0,6.0,7.8,6.36,-1.44,9.86,2025-01-01,Monthly+Power+Station+Chart_19-11-2025 (4).xls
16,9.2,1.84,1.1,9.0,7.0,0.96,5.64,4.68,11.88,2025-01-01,Monthly+Power+Station+Chart_19-11-2025 (4).xls
17,10.0,2.0,1.2,8.0,9.0,1.32,5.76,4.44,15.44,2025-01-01,Monthly+Power+Station+Chart_19-11-2025 (4).xls
18,9.1,1.82,1.09,7.0,6.0,2.4,5.76,3.36,11.46,2025-01-01,Monthly+Power+Station+Chart_19-11-2025 (4).xls
19,3.7,0.74,0.44,6.0,6.0,0.0,9.24,9.24,12.94,2025-01-01,Monthly+Power+Station+Chart_19-11-2025 (4).xls
20,3.2,0.64,0.38,5.0,5.0,0.0,10.8,10.8,14.0,2025-01-01,Monthly+Power+Station+Chart_19-11-2025 (4).xls
21,6.4,1.28,0.77,9.0,7.0,0.24,5.64,5.4,9.8,2025-01-01,Monthly+Power+Station+Chart_19-11-2025 (4).xls
22,3.0,0.6,0.36,4.0,5.0,0.0,9.12,9.12,13.12,2025-01-01,Monthly+Power+Station+Chart_19-11-2025 (4).xls
23,7.5,1.5,0.9,5.0,4.0,0.48,5.16,4.68,11.18,2025-01-01,Monthly+Power+Station+Chart_19-11-2025 (4).xls
24,8.8,1.76,1.05,6.0,7.0,0.0,5.88,5.88,15.68,2025-01-01,Monthly+Power+Station+Chart_19-11-2025 (4).xls
25,7.4,1.48,0.89,4.0,3.0,2.4,6.72,4.32,10.72,2025-01-01,Monthly+Power+Station+Chart_19-11-2025 (4).xls
26,1.8,0.36,0.22,2.0,2.0,0.0,7.8,7.8,9.6,2025-01-01,Monthly+Power+Station+Chart_19-11-2025 (4).xls
27,4.7,0.94,0.56,4.0,3.0,0.36,10.44,10.08,13.78,2025-01-01,Monthly+Power+Station+Chart_19-11-2025 (4).xls
28,8.0,1.6,0.96,8.0,7.0,0.12,5.76,5.64,12.64,2025-01-01,Monthly+Power+Station+Chart_19-11-2025 (4).xls
29,12.5,2.5,1.5,7.0,8.0,5.88,4.92,-0.96,12.54,2025-01-01,Monthly+Power+Station+Chart_19-11-2025 (4).xls
30,9.0,1.8,1.08,4.0,4.0,2.64,7.44,4.8,13.8,2025-01-01,Monthly+Power+Station+Chart_19-11-2025 (4).xls
31,13.7,2.74,1.64,7.0,4.0,6.36,3.72,-2.64,8.06,2025-01-01,Monthly+Power+Station+Chart_19-11-2025 (4).xls
1,4.9,0.98,0.59,6.0,7.0,0.0,7.32,7.32,13.22,2025-02-01,Monthly+Power+Station+Chart_19-11-2025 (5).xls
2,6.0,1.2,0.72,6.0,6.0,1.2,9.24,8.04,14.04,2025-02-01,Monthly+Power+Station+Chart_19-11-2025 (5).xls
3,5.2,1.04,0.62,7.0,6.0,0.0,7.8,7.8,12.0,2025-02-01,Monthly+Power+Station+Chart_19-11-2025 (5).xls
4,10.0,2.0,1.2,8.0,6.0,2.16,5.76,3.6,11.6,2025-02-01,Monthly+Power+Station+Chart_19-11-2025 (5).xls
5,15.3,3.06,1.83,6.0,7.0,7.92,4.8,-3.12,13.18,2025-02-01,Monthly+Power+Station+Chart_19-11-2025 (5).xls
6,16.4,3.28,1.96,8.0,7.0,8.52,5.64,-2.88,12.52,2025-02-01,Monthly+Power+Station+Chart_19-11-2025 (5).xls
7,5.8,1.16,0.69,7.0,7.0,0.12,8.88,8.76,14.56,2025-02-01,Monthly+Power+Station+Chart_19-11-2025 (5).xls
8,4.0,0.8,0.48,3.0,3.0,0.36,5.4,5.04,9.04,2025-02-01,Monthly+Power+Station+Chart_19-11-2025 (5).xls
9,2.0,0.4,0.24,2.0,2.0,0.0,10.92,10.92,12.92,2025-02-01,Monthly+Power+Station+Chart_19-11-2025 (5).xls
10,3.0,0.6,0.36,2.0,2.0,0.0,9.48,9.48,12.48,2025-02-01,Monthly+Power+Station+Chart_19-11-2025 (5).xls
11,0.9,0.18,0.11,2.0,2.0,0.0,11.16,11.16,12.06,2025-02-01,Monthly+Power+Station+Chart_19-11-2025 (5).xls
12,4.6,0.92,0.55,4.0,3.0,0.12,4.56,4.44,8.04,2025-02-01,Monthly+Power+Station+Chart_19-11-2025 (5).xls
13,1.9,0.38,0.23,2.0,2.0,0.0,9.36,9.36,11.26,2025-02-01,Monthly+Power+Station+Chart_19-11-2025 (5).xls
14,2.0,0.4,0.24,2.0,2.0,0.0,9.96,9.96,11.96,2025-02-01,Monthly+Power+Station+Chart_19-11-2025 (5).xls
15,3.3,0.66,0.39,3.0,3.0,0.24,7.68,7.44,10.74,2025-02-01,Monthly+Power+Station+Chart_19-11-2025 (5).xls
16,5.0,1.0,0.6,4.0,4.0,0.0,7.56,7.56,12.56,2025-02-01,Monthly+Power+Station+Chart_19-11-2025 (5).xls
17,2.0,0.4,0.24,5.0,4.0,0.0,9.0,9.0,10.0,2025-02-01,Monthly+Power+Station+Chart_19-11-2025 (5).xls
18,5.0,1.0,0.6,6.0,6.0,0.0,9.12,9.12,14.12,2025-02-01,Monthly+Power+Station+Chart_19-11-2025 (5).xls
19,9.9,1.98,1.18,8.0,7.0,3.96,5.64,1.68,10.58,2025-02-01,Monthly+Power+Station+Chart_19-11-2025 (5).xls
20,12.9,2.58,1.54,8.0,7.0,4.56,5.64,1.08,12.98,2025-02-01,Monthly+Power+Station+Chart_19-11-2025 (5).xls
21,11.7,2.34,1.4,9.0,8.0,2.88,5.64,2.76,13.46,2025-02-01,Monthly+Power+Station+Chart_19-11-2025 (5).xls
22,19.8,3.96,2.37,5.0,5.0,13.56,4.08,-9.48,10.32,2025-02-01,Monthly+Power+Station+Chart_19-11-2025 (5).xls
23,10.0,2.0,1.2,9.0,7.0,1.2,5.76,4.56,12.56,2025-02-01,Monthly+Power+Station+Chart_19-11-2025 (5).xls
24,13.2,2.64,1.58,5.0,3.0,8.64,4.08,-4.56,6.64,2025-02-01,Monthly+Power+Station+Chart_19-11-2025 (5).xls
25,18.3,3.66,2.19,4.0,4.0,13.2,3.0,-10.2,8.1,2025-02-01,Monthly+Power+Station+Chart_19-11-2025 (5).xls
26,15.2,3.04,1.82,6.0,7.0,7.8,4.2,-3.6,12.6,2025-02-01,Monthly+Power+Station+Chart_19-11-2025 (5).xls
27,16.0,3.2,1.91,6.0,6.0,9.0,6.84,-2.16,13.84,2025-02-01,Monthly+Power+Station+Chart_19-11-2025 (5).xls
28,14.0,2.8,1.67,7.0,5.0,6.12,5.88,-0.24,11.76,2025-02-01,Monthly+Power+Station+Chart_19-11-2025 (5).xls
1,12.1,2.42,1.45,6.0,6.0,4.08,4.8,0.72,12.82,2025-03-01,Monthly+Power+Station+Chart_19-11-2025 (6).xls
2,9.0,1.8,1.08,6.0,6.0,3.12,5.28,2.16,11.16,2025-03-01,Monthly+Power+Station+Chart_19-11-2025 (6).xls
3,15.5,3.1,1.85,6.0,6.0,8.16,5.64,-2.52,12.98,2025-03-01,Monthly+Power+Station+Chart_19-11-2025 (6).xls
4,21.0,4.2,2.51,6.0,6.0,15.24,5.64,-9.6,11.4,2025-03-01,Monthly+Power+Station+Chart_19-11-2025 (6).xls
5,22.2,4.44,2.66,6.0,4.0,15.36,4.8,-10.56,9.64,2025-03-01,Monthly+Power+Station+Chart_19-11-2025 (6).xls
6,11.0,2.2,1.32,5.0,6.0,3.24,3.6,0.36,12.36,2025-03-01,Monthly+Power+Station+Chart_19-11-2025 (6).xls
7,9.0,1.8,1.08,6.0,6.0,2.16,6.12,3.96,12.96,2025-03-01,Monthly+Power+Station+Chart_19-11-2025 (6).xls
8,12.0,2.4,1.44,8.0,6.0,5.28,5.76,0.48,10.48,2025-03-01,Monthly+Power+Station+Chart_19-11-2025 (6).xls
9,24.2,4.84,2.89,5.0,5.0,17.4,3.96,-13.44,10.76,2025-03-01,Monthly+Power+Station+Chart_19-11-2025 (6).xls
10,20.2,4.04,2.42,5.0,6.0,13.2,4.92,-8.28,12.92,2025-03-01,Monthly+Power+Station+Chart_19-11-2025 (6).xls
11,26.0,5.2,3.11,7.0,6.0,19.8,6.72,-13.08,11.92,2025-03-01,Monthly+Power+Station+Chart_19-11-2025 (6).xls
12,28.7,5.74,3.43,6.0,6.0,22.08,6.96,-15.12,13.58,2025-03-01,Monthly+Power+Station+Chart_19-11-2025 (6).xls
13,15.0,3.0,1.79,7.0,6.0,7.2,6.6,-0.6,13.4,2025-03-01,Monthly+Power+Station+Chart_19-11-2025 (6).xls
14,25.0,5.0,2.99,6.0,5.0,18.0,6.0,-12.0,12.0,2025-03-01,Monthly+Power+Station+Chart_19-11-2025 (6).xls
15,21.1,4.22,2.52,5.0,6.0,16.32,5.28,-11.04,11.06,2025-03-01,Monthly+Power+Station+Chart_19-11-2025 (6).xls
16,22.3,4.46,2.67,6.0,6.0,14.52,6.72,-7.8,14.5,2025-03-01,Monthly+Power+Station+Chart_19-11-2025 (6).xls
17,6.4,1.28,0.77,6.0,5.0,0.0,7.8,7.8,13.2,2025-03-01,Monthly+Power+Station+Chart_19-11-2025 (6).xls
18,29.0,5.8,3.47,6.0,3.0,23.52,5.64,-17.88,8.12,2025-03-01,Monthly+Power+Station+Chart_19-11-2025 (6).xls
19,32.0,6.4,3.83,4.0,4.0,24.48,2.88,-21.6,10.4,2025-03-01,Monthly+Power+Station+Chart_19-11-2025 (6).xls
20,26.6,5.32,3.18,4.0,4.0,17.52,2.52,-15.0,11.6,2025-03-01,Monthly+Power+Station+Chart_19-11-2025 (6).xls
21,12.0,2.4,1.44,6.0,5.0,4.08,3.48,-0.6,10.4,2025-03-01,Monthly+Power+Station+Chart_19-11-2025 (6).xls
22,10.1,2.02,1.21,6.0,7.0,5.52,7.32,1.8,12.9,2025-03-01,Monthly+Power+Station+Chart_19-11-2025 (6).xls
23,15.1,3.02,1.81,7.0,5.0,6.24,5.88,-0.36,12.74,2025-03-01,Monthly+Power+Station+Chart_19-11-2025 (6).xls
24,32.5,6.5,3.89,4.0,2.0,25.08,3.36,-21.72,8.78,2025-03-01,Monthly+Power+Station+Chart_19-11-2025 (6).xls
25,22.0,4.4,2.63,2.0,4.0,17.16,1.8,-15.36,8.64,2025-03-01,Monthly+Power+Station+Chart_19-11-2025 (6).xls
26,20.0,4.0,2.39,7.0,8.0,10.56,4.32,-6.24,14.76,2025-03-01,Monthly+Power+Station+Chart_19-11-2025 (6).xls
27,19.7,3.94,2.36,5.0,5.0,12.96,5.52,-7.44,12.26,2025-03-01,Monthly+Power+Station+Chart_19-11-2025 (6).xls
28,30.5,6.1,3.65,7.0,6.0,22.08,5.52,-16.56,12.94,2025-03-01,Monthly+Power+Station+Chart_19-11-2025 (6).xls
29,12.2,2.44,1.46,7.0,5.0,3.96,4.68,0.72,10.92,2025-03-01,Monthly+Power+Station+Chart_19-11-2025 (6).xls
30,35.1,7.02,4.2,5.0,4.0,27.12,4.08,-23.04,11.06,2025-03-01,Monthly+Power+Station+Chart_19-11-2025 (6).xls
31,24.3,2.26,2.907,3.0,2.0,5.76,2.52,-3.24,7.06,2025-03-01,Monthly+Power+Station+Chart_19-11-2025 (6).xls
1,34.2,6.84,4.09,2.0,2.0,28.44,0.0,-28.44,5.76,2025-04-01,Monthly+Power+Station+Chart_19-11-2025 (7).xls
2,37.8,7.56,4.52,4.0,4.0,29.88,2.4,-27.48,10.32,2025-04-01,Monthly+Power+Station+Chart_19-11-2025 (7).xls
3,35.3,7.06,4.22,5.0,4.0,27.84,3.48,-24.36,9.94,2025-04-01,Monthly+Power+Station+Chart_19-11-2025 (7).xls
4,21.4,4.28,2.56,4.0,5.0,12.84,2.64,-10.2,12.2,2025-04-01,Monthly+Power+Station+Chart_19-11-2025 (7).xls
5,39.5,7.9,4.72,4.0,3.0,33.48,3.72,-29.76,8.74,2025-04-01,Monthly+Power+Station+Chart_19-11-2025 (7).xls
6,40.0,8.0,4.78,4.0,4.0,34.56,3.6,-30.96,9.04,2025-04-01,Monthly+Power+Station+Chart_19-11-2025 (7).xls
7,39.5,7.9,4.72,5.0,3.0,32.52,3.6,-28.92,8.58,2025-04-01,Monthly+Power+Station+Chart_19-11-2025 (7).xls
8,36.5,7.3,4.37,3.0,5.0,30.0,3.12,-26.88,11.62,2025-04-01,Monthly+Power+Station+Chart_19-11-2025 (7).xls
9,39.8,7.96,4.76,5.0,5.0,32.04,4.08,-27.96,11.84,2025-04-01,Monthly+Power+Station+Chart_19-11-2025 (7).xls
10,40.4,8.08,4.83,5.0,4.0,34.2,4.8,-29.4,10.0,2025-04-01,Monthly+Power+Station+Chart_19-11-2025 (7).xls
11,38.5,7.7,4.61,5.0,4.0,32.4,4.08,-28.32,9.18,2025-04-01,Monthly+Power+Station+Chart_19-11-2025 (7).xls
12,19.3,3.86,2.31,4.0,4.0,13.44,3.6,-9.84,9.46,2025-04-01,Monthly+Power+Station+Chart_19-11-2025 (7).xls
13,26.6,5.32,3.18,5.0,4.0,18.84,3.84,-15.0,10.6,2025-04-01,Monthly+Power+Station+Chart_19-11-2025 (7).xls
14,25.4,5.08,3.04,4.0,5.0,18.6,3.72,-14.88,11.52,2025-04-01,Monthly+Power+Station+Chart_19-11-2025 (7).xls
15,22.9,4.58,2.74,6.0,5.0,13.68,4.8,-8.88,13.02,2025-04-01,Monthly+Power+Station+Chart_19-11-2025 (7).xls
16,12.7,2.54,1.52,6.0,6.0,5.52,4.44,-1.08,11.62,2025-04-01,Monthly+Power+Station+Chart_19-11-2025 (7).xls
17,36.0,7.2,4.31,4.0,3.0,30.24,3.72,-26.52,8.48,2025-04-01,Monthly+Power+Station+Chart_19-11-2025 (7).xls
18,4.8,0.96,0.57,5.0,6.0,0.0,6.6,6.6,12.4,2025-04-01,Monthly+Power+Station+Chart_19-11-2025 (7).xls
19,7.8,1.56,0.93,6.0,4.0,2.4,5.88,3.48,9.28,2025-04-01,Monthly+Power+Station+Chart_19-11-2025 (7).xls
20,14.0,2.8,1.67,7.0,8.0,2.88,3.6,0.72,15.72,2025-04-01,Monthly+Power+Station+Chart_19-11-2025 (7).xls
21,30.3,6.06,3.62,7.0,5.0,21.48,5.52,-15.96,12.34,2025-04-01,Monthly+Power+Station+Chart_19-11-2025 (7).xls
22,19.6,3.92,2.34,4.0,6.0,12.6,3.96,-8.64,12.96,2025-04-01,Monthly+Power+Station+Chart_19-11-2025 (7).xls
23,41.4,8.28,4.95,6.0,3.0,35.16,5.64,-29.52,8.88,2025-04-01,Monthly+Power+Station+Chart_19-11-2025 (7).xls
24,39.4,7.88,4.71,3.0,4.0,31.8,2.16,-29.64,10.76,2025-04-01,Monthly+Power+Station+Chart_19-11-2025 (7).xls
25,11.4,2.28,1.36,5.0,6.0,6.48,4.08,-2.4,10.0,2025-04-01,Monthly+Power+Station+Chart_19-11-2025 (7).xls
26,29.9,5.98,3.58,6.0,4.0,21.6,5.76,-15.84,12.06,2025-04-01,Monthly+Power+Station+Chart_19-11-2025 (7).xls
27,28.4,5.68,3.4,4.0,3.0,22.44,3.72,-18.72,8.68,2025-04-01,Monthly+Power+Station+Chart_19-11-2025 (7).xls
28,33.9,6.78,4.06,4.0,3.0,26.28,2.76,-23.52,9.38,2025-04-01,Monthly+Power+Station+Chart_19-11-2025 (7).xls
29,43.8,8.76,5.24,3.0,4.0,35.52,3.12,-32.4,12.4,2025-04-01,Monthly+Power+Station+Chart_19-11-2025 (7).xls
30,45.9,9.18,5.49,4.0,4.0,40.2,3.6,-36.6,9.3,2025-04-01,Monthly+Power+Station+Chart_19-11-2025 (7).xls
1,29.0,5.8,3.47,4.0,5.0,21.36,3.36,-18.0,12.0,2025-05-01,Monthly+Power+Station+Chart_19-11-2025 (8).xls
2,43.5,8.7,5.2,6.0,4.0,35.76,4.92,-30.84,10.66,2025-05-01,Monthly+Power+Station+Chart_19-11-2025 (8).xls
3,42.7,8.54,5.11,4.0,4.0,34.68,3.72,-30.96,11.74,2025-05-01,Monthly+Power+Station+Chart_19-11-2025 (8).xls
4,41.0,8.2,4.9,4.0,2.0,33.96,3.6,-30.36,8.64,2025-05-01,Monthly+Power+Station+Chart_19-11-2025 (8).xls
5,49.6,9.92,5.93,2.0,3.0,41.64,2.52,-39.12,11.48,2025-05-01,Monthly+Power+Station+Chart_19-11-2025 (8).xls
6,48.8,9.76,5.84,3.0,3.0,38.64,2.4,-36.24,12.56,2025-05-01,Monthly+Power+Station+Chart_19-11-2025 (8).xls
7,46.5,9.3,5.56,4.0,3.0,40.56,3.24,-37.32,8.18,2025-05-01,Monthly+Power+Station+Chart_19-11-2025 (8).xls
8,47.2,9.44,5.65,3.0,3.0,41.4,3.24,-38.16,9.04,2025-05-01,Monthly+Power+Station+Chart_19-11-2025 (8).xls
9,50.2,10.04,6.0,4.0,3.0,43.92,3.48,-40.44,8.76,2025-05-01,Monthly+Power+Station+Chart_19-11-2025 (8).xls
10,50.3,10.06,6.02,2.0,3.0,43.56,2.4,-41.16,10.14,2025-05-01,Monthly+Power+Station+Chart_19-11-2025 (8).xls
11,36.6,7.32,4.38,3.0,2.0,32.64,2.4,-30.24,5.36,2025-05-01,Monthly+Power+Station+Chart_19-11-2025 (8).xls
12,40.0,8.0,4.78,3.0,2.0,33.48,2.16,-31.32,7.68,2025-05-01,Monthly+Power+Station+Chart_19-11-2025 (8).xls
13,51.5,10.3,6.16,1.0,2.0,45.24,1.8,-43.44,9.06,2025-05-01,Monthly+Power+Station+Chart_19-11-2025 (8).xls
14,51.6,10.32,6.17,4.0,3.0,43.56,2.76,-40.8,9.8,2025-05-01,Monthly+Power+Station+Chart_19-11-2025 (8).xls
15,51.3,10.26,6.14,2.0,3.0,41.88,2.64,-39.24,13.06,2025-05-01,Monthly+Power+Station+Chart_19-11-2025 (8).xls
16,51.7,10.34,6.18,4.0,2.0,44.16,3.12,-41.04,8.66,2025-05-01,Monthly+Power+Station+Chart_19-11-2025 (8).xls
17,52.9,10.58,6.33,2.0,3.0,44.64,1.92,-42.72,11.18,2025-05-01,Monthly+Power+Station+Chart_19-11-2025 (8).xls
18,52.5,10.5,6.28,2.0,2.0,45.96,2.64,-43.32,9.18,2025-05-01,Monthly+Power+Station+Chart_19-11-2025 (8).xls
19,45.0,9.0,5.38,3.0,2.0,39.96,2.16,-37.8,6.2,2025-05-01,Monthly+Power+Station+Chart_19-11-2025 (8).xls
20,28.2,5.64,3.37,4.0,4.0,20.64,3.36,-17.28,10.92,2025-05-01,Monthly+Power+Station+Chart_19-11-2025 (8).xls
21,50.5,10.1,6.04,3.0,4.0,45.48,3.12,-42.36,9.14,2025-05-01,Monthly+Power+Station+Chart_19-11-2025 (8).xls
22,45.3,9.06,5.42,4.0,2.0,37.08,3.0,-34.08,9.22,2025-05-01,Monthly+Power+Station+Chart_19-11-2025 (8).xls
23,28.6,5.72,3.42,2.0,2.0,21.12,1.68,-19.44,9.16,2025-05-01,Monthly+Power+Station+Chart_19-11-2025 (8).xls
24,20.6,4.12,2.46,4.0,4.0,11.88,2.4,-9.48,11.12,2025-05-01,Monthly+Power+Station+Chart_19-11-2025 (8).xls
25,45.1,9.02,5.39,2.0,3.0,34.44,2.16,-32.28,13.82,2025-05-01,Monthly+Power+Station+Chart_19-11-2025 (8).xls
26,23.7,4.74,2.83,3.0,3.0,18.0,2.52,-15.48,8.22,2025-05-01,Monthly+Power+Station+Chart_19-11-2025 (8).xls
27,16.5,3.3,1.97,4.0,2.0,11.88,3.12,-8.76,5.74,2025-05-01,Monthly+Power+Station+Chart_19-11-2025 (8).xls
28,36.7,7.34,4.39,2.0,5.0,28.44,2.04,-26.4,13.3,2025-05-01,Monthly+Power+Station+Chart_19-11-2025 (8).xls
29,23.1,4.62,2.76,7.0,4.0,14.88,4.8,-10.08,10.02,2025-05-01,Monthly+Power+Station+Chart_19-11-2025 (8).xls
30,41.4,8.28,4.95,2.0,2.0,31.92,2.04,-29.88,11.52,2025-05-01,Monthly+Power+Station+Chart_19-11-2025 (8).xls
31,38.1,7.62,4.56,4.0,3.0,30.84,2.04,-28.8,8.3,2025-05-01,Monthly+Power+Station+Chart_19-11-2025 (8).xls
1,41.5,8.3,4.96,2.0,2.0,34.44,2.04,-32.4,9.1,2025-06-01,Monthly+Power+Station+Chart_19-11-2025 (9).xls
2,35.8,7.16,4.28,2.0,4.0,26.04,1.8,-24.24,13.56,2025-06-01,Monthly+Power+Station+Chart_19-11-2025 (9).xls
3,40.1,8.02,4.8,4.0,2.0,32.52,3.24,-29.28,8.82,2025-06-01,Monthly+Power+Station+Chart_19-11-2025 (9).xls
4,40.2,8.04,4.81,3.0,3.0,33.24,3.24,-30.0,10.2,2025-06-01,Monthly+Power+Station+Chart_19-11-2025 (9).xls
5,32.1,6.42,3.84,3.0,2.0,20.52,1.8,-18.72,12.38,2025-06-01,Monthly+Power+Station+Chart_19-11-2025 (9).xls
6,34.3,6.86,4.1,3.0,3.0,24.48,2.16,-22.32,11.98,2025-06-01,Monthly+Power+Station+Chart_19-11-2025 (9).xls
7,29.7,5.94,3.55,3.0,4.0,22.32,2.52,-19.8,10.9,2025-06-01,Monthly+Power+Station+Chart_19-11-2025 (9).xls
8,22.2,4.44,2.66,5.0,3.0,13.2,4.32,-8.88,11.32,2025-06-01,Monthly+Power+Station+Chart_19-11-2025 (9).xls
9,18.4,3.68,2.2,5.0,4.0,8.88,2.52,-6.36,11.04,2025-06-01,Monthly+Power+Station+Chart_19-11-2025 (9).xls
10,42.6,8.52,5.1,4.0,3.0,33.72,3.12,-30.6,11.0,2025-06-01,Monthly+Power+Station+Chart_19-11-2025 (9).xls
11,49.9,9.98,5.97,2.0,3.0,42.72,2.04,-40.68,10.22,2025-06-01,Monthly+Power+Station+Chart_19-11-2025 (9).xls
12,7.4,1.48,0.89,4.0,7.0,0.0,4.2,4.2,14.6,2025-06-01,Monthly+Power+Station+Chart_19-11-2025 (9).xls
13,40.2,8.04,4.81,6.0,2.0,33.24,5.76,-27.48,8.72,2025-06-01,Monthly+Power+Station+Chart_19-11-2025 (9).xls
14,11.9,2.38,1.42,4.0,3.0,6.12,2.76,-3.36,7.54,2025-06-01,Monthly+Power+Station+Chart_19-11-2025 (9).xls
15,27.0,5.4,3.23,5.0,3.0,20.64,3.24,-17.4,7.6,2025-06-01,Monthly+Power+Station+Chart_19-11-2025 (9).xls
16,45.3,9.06,5.42,1.0,2.0,36.6,1.68,-34.92,11.38,2025-06-01,Monthly+Power+Station+Chart_19-11-2025 (9).xls
17,36.4,7.28,4.35,3.0,3.0,28.32,1.68,-26.64,9.76,2025-06-01,Monthly+Power+Station+Chart_19-11-2025 (9).xls
18,42.6,8.52,5.1,3.0,2.0,35.04,3.24,-31.8,9.8,2025-06-01,Monthly+Power+Station+Chart_19-11-2025 (9).xls
19,45.0,9.0,5.38,2.0,2.0,38.52,1.68,-36.84,8.16,2025-06-01,Monthly+Power+Station+Chart_19-11-2025 (9).xls
20,41.6,8.32,4.98,3.0,3.0,31.44,2.64,-28.8,12.8,2025-06-01,Monthly+Power+Station+Chart_19-11-2025 (9).xls
21,43.6,8.72,5.22,2.0,2.0,35.64,1.8,-33.84,9.76,2025-06-01,Monthly+Power+Station+Chart_19-11-2025 (9).xls
22,36.3,7.26,4.34,4.0,4.0,23.28,2.28,-21.0,15.3,2025-06-01,Monthly+Power+Station+Chart_19-11-2025 (9).xls
23,33.3,6.66,3.98,3.0,3.0,23.04,1.92,-21.12,12.18,2025-06-01,Monthly+Power+Station+Chart_19-11-2025 (9).xls
24,39.2,7.84,4.69,4.0,5.0,28.2,2.16,-26.04,14.16,2025-06-01,Monthly+Power+Station+Chart_19-11-2025 (9).xls
25,22.8,4.56,2.73,6.0,4.0,13.32,5.28,-8.04,12.76,2025-06-01,Monthly+Power+Station+Chart_19-11-2025 (9).xls
26,32.0,6.4,3.83,3.0,3.0,24.24,1.68,-22.56,9.44,2025-06-01,Monthly+Power+Station+Chart_19-11-2025 (9).xls
27,18.7,3.74,2.24,3.0,5.0,10.08,2.04,-8.04,12.66,2025-06-01,Monthly+Power+Station+Chart_19-11-2025 (9).xls
28,25.3,5.06,3.03,5.0,2.0,21.0,3.72,-17.28,5.02,2025-06-01,Monthly+Power+Station+Chart_19-11-2025 (9).xls
29,36.1,7.22,4.32,2.0,1.0,33.84,0.96,-32.88,2.22,2025-06-01,Monthly+Power+Station+Chart_19-11-2025 (9).xls
30,23.0,4.6,2.75,1.0,2.0,21.0,1.08,-19.92,4.08,2025-06-01,Monthly+Power+Station+Chart_19-11-2025 (9).xls
1,17.5,3.5,2.09,2.0,2.0,9.24,0.0,-9.24,8.26,2024-09-01,Monthly+Power+Station+Chart_19-11-2025.xls
2,29.5,5.9,3.53,5.0,5.0,23.28,3.36,-19.92,9.58,2024-09-01,Monthly+Power+Station+Chart_19-11-2025.xls
3,20.6,4.12,2.46,5.0,5.0,11.88,4.2,-7.68,12.92,2024-09-01,Monthly+Power+Station+Chart_19-11-2025.xls
4,17.7,3.54,2.12,7.0,5.0,7.68,4.32,-3.36,12.34,2024-09-01,Monthly+Power+Station+Chart_19-11-2025.xls
5,21.7,4.34,2.6,4.0,3.0,12.24,1.92,-10.32,10.38,2024-09-01,Monthly+Power+Station+Chart_19-11-2025.xls
6,32.7,6.54,3.91,3.0,3.0,23.64,2.28,-21.36,11.34,2024-09-01,Monthly+Power+Station+Chart_19-11-2025.xls
7,30.5,6.1,3.65,4.0,5.0,22.56,2.76,-19.8,11.7,2024-09-01,Monthly+Power+Station+Chart_19-11-2025.xls
8,27.2,5.44,3.25,5.0,4.0,20.16,2.76,-17.4,8.8,2024-09-01,Monthly+Power+Station+Chart_19-11-2025.xls
9,27.4,5.48,3.28,4.0,4.0,18.36,3.48,-14.88,12.52,2024-09-01,Monthly+Power+Station+Chart_19-11-2025.xls
10,11.4,2.28,1.36,5.0,5.0,3.84,3.36,-0.48,10.92,2024-09-01,Monthly+Power+Station+Chart_19-11-2025.xls
11,9.6,1.92,1.15,5.0,5.0,1.8,3.6,1.8,11.4,2024-09-01,Monthly+Power+Station+Chart_19-11-2025.xls
12,7.3,1.46,0.87,7.0,8.0,0.48,4.56,4.08,12.38,2024-09-01,Monthly+Power+Station+Chart_19-11-2025.xls
13,6.1,1.22,0.73,6.0,5.0,0.0,5.4,5.4,10.5,2024-09-01,Monthly+Power+Station+Chart_19-11-2025.xls
14,24.0,4.8,2.87,7.0,4.0,13.56,5.76,-7.8,13.2,2024-09-01,Monthly+Power+Station+Chart_19-11-2025.xls
15,8.6,1.72,1.03,5.0,8.0,2.76,3.12,0.36,11.96,2024-09-01,Monthly+Power+Station+Chart_19-11-2025.xls
16,4.7,0.94,0.56,5.0,4.0,0.0,8.4,8.4,12.1,2024-09-01,Monthly+Power+Station+Chart_19-11-2025.xls
17,24.7,4.94,2.95,9.0,6.0,14.04,5.52,-8.52,13.18,2024-09-01,Monthly+Power+Station+Chart_19-11-2025.xls
18,16.9,3.38,2.02,5.0,7.0,7.2,3.48,-3.72,15.18,2024-09-01,Monthly+Power+Station+Chart_19-11-2025.xls
19,6.5,1.3,0.78,7.0,7.0,0.0,6.24,6.24,12.74,2024-09-01,Monthly+Power+Station+Chart_19-11-2025.xls
20,9.2,1.84,1.1,8.0,8.0,0.0,6.0,6.0,15.2,2024-09-01,Monthly+Power+Station+Chart_19-11-2025.xls
